url,handle_action,destination
https://hdl.loc.gov/loc.gmd/gm020010.gmdkislak.1990_022_00_0005_bak,MODIFY,https://hdl.loc.gov/loc.gmd/eadgmd.gm020010.3
https://hdl.loc.gov/loc.gmd/gm020010.gmdkislak.1990_022_00_0007_bak,MODIFY,https://hdl.loc.gov/loc.gmd/eadgmd.gm020010.3
https://hdl.loc.gov/loc.gmd/gm020010.gmdkislak.1990_022_00_0009_bak,MODIFY,https://hdl.loc.gov/loc.gmd/eadgmd.gm020010.3
https://hdl.loc.gov/loc.gmd/gm020010.gmdkislak.1990_022_00_0010_bak,MODIFY,https://hdl.loc.gov/loc.gmd/eadgmd.gm020010.3
https://hdl.loc.gov/loc.gmd/gm020010.gmdkislak.1990_022_00_0013_bak,MODIFY,https://hdl.loc.gov/loc.gmd/eadgmd.gm020010.3
https://hdl.loc.gov/loc.gmd/gm020010.gmdkislak.1990_022_00_0015_bak,MODIFY,https://hdl.loc.gov/loc.gmd/eadgmd.gm020010.3
https://hdl.loc.gov/loc.gmd/gm020010.gmdkislak.1990_022_00_0017_bak,MODIFY,https://hdl.loc.gov/loc.gmd/eadgmd.gm020010.3
https://hdl.loc.gov/loc.gmd/gm020010.gmdkislak.1990_022_00_0021_bak,MODIFY,https://hdl.loc.gov/loc.gmd/eadgmd.gm020010.3
https://hdl.loc.gov/loc.gmd/gm020010.gmdkislak.1990_022_00_0022_bak,MODIFY,https://hdl.loc.gov/loc.gmd/eadgmd.gm020010.3
https://hdl.loc.gov/loc.gmd/gm020010.gmdkislak.1990_022_00_0023_bak,MODIFY,https://hdl.loc.gov/loc.gmd/eadgmd.gm020010.3
https://hdl.loc.gov/loc.gmd/gm020010.gmdkislak.1990_022_00_0024_bak,MODIFY,https://hdl.loc.gov/loc.gmd/eadgmd.gm020010.3
https://hdl.loc.gov/loc.gmd/gm020010.gmdkislak.1990_022_00_0025_bak,MODIFY,https://hdl.loc.gov/loc.gmd/eadgmd.gm020010.3
https://hdl.loc.gov/loc.gmd/gm020010.gmdkislak.1990_034_00_0004_bak,MODIFY,https://hdl.loc.gov/loc.gmd/eadgmd.gm020010.3
https://hdl.loc.gov/loc.gmd/gm020010.gmdkislak.1990_034_00_0006_bak,MODIFY,https://hdl.loc.gov/loc.gmd/eadgmd.gm020010.3
https://hdl.loc.gov/loc.gmd/gm020010.gmdkislak.1990_034_00_0007_bak,MODIFY,https://hdl.loc.gov/loc.gmd/eadgmd.gm020010.3
https://hdl.loc.gov/loc.gmd/gm020010.gmdkislak.1990_034_00_0008_bak,MODIFY,https://hdl.loc.gov/loc.gmd/eadgmd.gm020010.3
https://hdl.loc.gov/loc.gmd/gm020010.gmdkislak.1990_046_00_0002_bak,MODIFY,https://hdl.loc.gov/loc.gmd/eadgmd.gm020010.3
https://hdl.loc.gov/loc.gmd/gm020010.gmdkislak.1990_046_00_0003_bak,MODIFY,https://hdl.loc.gov/loc.gmd/eadgmd.gm020010.3
https://hdl.loc.gov/loc.gmd/gm020010.gmdkislak.1991_033_00_0001_bak,MODIFY,https://hdl.loc.gov/loc.gmd/eadgmd.gm020010.3
https://hdl.loc.gov/loc.gmd/gm020010.gmdkislak.1991_097_00_0001_bak,MODIFY,https://hdl.loc.gov/loc.gmd/eadgmd.gm020010.3
https://hdl.loc.gov/loc.gmd/gm020010.gmdkislak.1991_098_00_0001_bak,MODIFY,https://hdl.loc.gov/loc.gmd/eadgmd.gm020010.3
https://hdl.loc.gov/loc.gmd/gm020010.gmdkislak.1991_099_00_0001_bak,MODIFY,https://hdl.loc.gov/loc.gmd/eadgmd.gm020010.3
https://hdl.loc.gov/loc.gmd/gm020010.gmdkislak.1991_101_00_0001_bak,MODIFY,https://hdl.loc.gov/loc.gmd/eadgmd.gm020010.3
https://hdl.loc.gov/loc.gmd/gm020010.gmdkislak.1991_102_00_0001_bak,MODIFY,https://hdl.loc.gov/loc.gmd/eadgmd.gm020010.3
https://hdl.loc.gov/loc.gmd/gm020010.gmdkislak.1991_103_00_0001_bak,MODIFY,https://hdl.loc.gov/loc.gmd/eadgmd.gm020010.3
https://hdl.loc.gov/loc.gmd/gm020010.gmdkislak.1983_007_00_0001_bak,MODIFY,https://hdl.loc.gov/loc.gmd/eadgmd.gm020010.3
https://hdl.loc.gov/loc.gmd/gm020010.gmdkislak.1983_007_00_0002_bak,MODIFY,https://hdl.loc.gov/loc.gmd/eadgmd.gm020010.3
https://hdl.loc.gov/loc.gmd/gm020010.gmdkislak.1984_002_00_0002_bak,MODIFY,https://hdl.loc.gov/loc.gmd/eadgmd.gm020010.3
https://hdl.loc.gov/loc.gmd/gm020010.gmdkislak.1984_002_00_0003_bak,MODIFY,https://hdl.loc.gov/loc.gmd/eadgmd.gm020010.3
https://hdl.loc.gov/loc.gmd/gm020010.gmdkislak.1984_002_00_0004_bak,MODIFY,https://hdl.loc.gov/loc.gmd/eadgmd.gm020010.3
https://hdl.loc.gov/loc.gmd/gm020010.gmdkislak.1984_002_00_0007_bak,MODIFY,https://hdl.loc.gov/loc.gmd/eadgmd.gm020010.3
https://hdl.loc.gov/loc.gmd/gm020010.gmdkislak.1991_104_00_0001_bak,MODIFY,https://hdl.loc.gov/loc.gmd/eadgmd.gm020010.3
https://hdl.loc.gov/loc.gmd/gm020010.gmdkislak.1991_105_00_0001_bak,MODIFY,https://hdl.loc.gov/loc.gmd/eadgmd.gm020010.3
https://hdl.loc.gov/loc.gmd/gm020010.gmdkislak.1991_106_00_0001_bak,MODIFY,https://hdl.loc.gov/loc.gmd/eadgmd.gm020010.3
https://hdl.loc.gov/loc.gmd/gm020010.gmdkislak.1991_108_00_0001_bak,MODIFY,https://hdl.loc.gov/loc.gmd/eadgmd.gm020010.3
https://hdl.loc.gov/loc.gmd/gm020010.gmdkislak.1991_109_00_0001_bak,MODIFY,https://hdl.loc.gov/loc.gmd/eadgmd.gm020010.3
https://hdl.loc.gov/loc.gmd/gm020010.gmdkislak.1991_110_00_0001_bak,MODIFY,https://hdl.loc.gov/loc.gmd/eadgmd.gm020010.3
https://hdl.loc.gov/loc.gmd/gm020010.gmdkislak.1991_111_00_0001_bak,MODIFY,https://hdl.loc.gov/loc.gmd/eadgmd.gm020010.3
https://hdl.loc.gov/loc.gmd/gm020010.gmdkislak.1991_112_00_0001_bak,MODIFY,https://hdl.loc.gov/loc.gmd/eadgmd.gm020010.3
https://hdl.loc.gov/loc.gmd/gm020010.gmdkislak.1991_113_00_0001_bak,MODIFY,https://hdl.loc.gov/loc.gmd/eadgmd.gm020010.3
https://hdl.loc.gov/loc.gmd/gm020010.gmdkislak.1991_117_00_0001_bak,MODIFY,https://hdl.loc.gov/loc.gmd/eadgmd.gm020010.3
https://hdl.loc.gov/loc.gmd/gm020010.gmdkislak.1991_118_00_0001_bak,MODIFY,https://hdl.loc.gov/loc.gmd/eadgmd.gm020010.3
https://hdl.loc.gov/loc.gmd/gm020010.gmdkislak.1991_120_00_0001_bak,MODIFY,https://hdl.loc.gov/loc.gmd/eadgmd.gm020010.3
https://hdl.loc.gov/loc.gmd/gm020010.gmdkislak.1991_120_00_0002_bak,MODIFY,https://hdl.loc.gov/loc.gmd/eadgmd.gm020010.3
https://hdl.loc.gov/loc.gmd/gm020010.gmdkislak.1991_121_00_0001_bak,MODIFY,https://hdl.loc.gov/loc.gmd/eadgmd.gm020010.3
https://hdl.loc.gov/loc.gmd/gm020010.gmdkislak.1991_125_00_0001_bak,MODIFY,https://hdl.loc.gov/loc.gmd/eadgmd.gm020010.3
https://hdl.loc.gov/loc.gmd/gm020010.gmdkislak.1991_127_00_0001_bak,MODIFY,https://hdl.loc.gov/loc.gmd/eadgmd.gm020010.3
https://hdl.loc.gov/loc.gmd/gm020010.gmdkislak.1991_130_00_0001_bak,MODIFY,https://hdl.loc.gov/loc.gmd/eadgmd.gm020010.3
https://hdl.loc.gov/loc.gmd/gm020010.gmdkislak.1991_134_00_0001_bak,MODIFY,https://hdl.loc.gov/loc.gmd/eadgmd.gm020010.3
https://hdl.loc.gov/loc.gmd/gm020010.gmdkislak.1991_154_00_0001_bak,MODIFY,https://hdl.loc.gov/loc.gmd/eadgmd.gm020010.3
https://hdl.loc.gov/loc.gmd/gm020010.gmdkislak.1991_155_00_0001_bak,MODIFY,https://hdl.loc.gov/loc.gmd/eadgmd.gm020010.3
https://hdl.loc.gov/loc.gmd/gm020010.gmdkislak.1991_158_00_0001_bak,MODIFY,https://hdl.loc.gov/loc.gmd/eadgmd.gm020010.3
https://hdl.loc.gov/loc.gmd/gm020010.gmdkislak.1991_159_00_0001_bak,MODIFY,https://hdl.loc.gov/loc.gmd/eadgmd.gm020010.3
https://hdl.loc.gov/loc.gmd/gm020010.gmdkislak.1991_161_00_0001_bak,MODIFY,https://hdl.loc.gov/loc.gmd/eadgmd.gm020010.3
https://hdl.loc.gov/loc.gmd/gm020010.gmdkislak.1991_161_00_0002_bak,MODIFY,https://hdl.loc.gov/loc.gmd/eadgmd.gm020010.3
https://hdl.loc.gov/loc.gmd/gm020010.gmdkislak.1991_164_00_0001_bak,MODIFY,https://hdl.loc.gov/loc.gmd/eadgmd.gm020010.3
https://hdl.loc.gov/loc.gmd/gm020010.gmdkislak.1991_167_00_0001_bak,MODIFY,https://hdl.loc.gov/loc.gmd/eadgmd.gm020010.3
https://hdl.loc.gov/loc.gmd/gm020010.gmdkislak.1991_167_00_0002_bak,MODIFY,https://hdl.loc.gov/loc.gmd/eadgmd.gm020010.3
https://hdl.loc.gov/loc.gmd/gm020010.gmdkislak.1991_168_00_0001_bak,MODIFY,https://hdl.loc.gov/loc.gmd/eadgmd.gm020010.3
https://hdl.loc.gov/loc.gmd/gm020010.gmdkislak.1991_170_00_0001_bak,MODIFY,https://hdl.loc.gov/loc.gmd/eadgmd.gm020010.3
https://hdl.loc.gov/loc.gmd/gm020010.gmdkislak.1991_179_00_0001_bak,MODIFY,https://hdl.loc.gov/loc.gmd/eadgmd.gm020010.3
https://hdl.loc.gov/loc.gmd/gm020010.gmdkislak.1991_179_00_0003_bak,MODIFY,https://hdl.loc.gov/loc.gmd/eadgmd.gm020010.3
https://hdl.loc.gov/loc.gmd/gm020010.gmdkislak.1991_184_00_0001_bak,MODIFY,https://hdl.loc.gov/loc.gmd/eadgmd.gm020010.3
https://hdl.loc.gov/loc.gmd/gm020010.gmdkislak.1992_003_00_0002_bak,MODIFY,https://hdl.loc.gov/loc.gmd/eadgmd.gm020010.3
https://hdl.loc.gov/loc.gmd/gm020010.gmdkislak.1992_085_00_0001_bak,MODIFY,https://hdl.loc.gov/loc.gmd/eadgmd.gm020010.3
https://hdl.loc.gov/loc.gmd/gm020010.gmdkislak.1992_085_00_0002_bak,MODIFY,https://hdl.loc.gov/loc.gmd/eadgmd.gm020010.3
https://hdl.loc.gov/loc.gmd/gm020010.gmdkislak.1992_086_00_0001_bak,MODIFY,https://hdl.loc.gov/loc.gmd/eadgmd.gm020010.3
https://hdl.loc.gov/loc.gmd/gm020010.gmdkislak.1992_086_00_0002_bak,MODIFY,https://hdl.loc.gov/loc.gmd/eadgmd.gm020010.3
https://hdl.loc.gov/loc.gmd/gm020010.gmdkislak.1993_005_00_0001_bak,MODIFY,https://hdl.loc.gov/loc.gmd/eadgmd.gm020010.3
https://hdl.loc.gov/loc.gmd/gm020010.gmdkislak.1993_010_00_0003_bak,MODIFY,https://hdl.loc.gov/loc.gmd/eadgmd.gm020010.3
https://hdl.loc.gov/loc.gmd/gm020010.gmdkislak.1993_156_00_0001_bak,MODIFY,https://hdl.loc.gov/loc.gmd/eadgmd.gm020010.3
https://hdl.loc.gov/loc.gmd/gm020010.gmdkislak.1993_156_00_0002_bak,MODIFY,https://hdl.loc.gov/loc.gmd/eadgmd.gm020010.3
https://hdl.loc.gov/loc.gmd/gm020010.gmdkislak.1993_171_00_0002_bak,MODIFY,https://hdl.loc.gov/loc.gmd/eadgmd.gm020010.3
https://hdl.loc.gov/loc.gmd/gm020010.gmdkislak.1993_171_00_0003_bak,MODIFY,https://hdl.loc.gov/loc.gmd/eadgmd.gm020010.3
https://hdl.loc.gov/loc.gmd/gm020010.gmdkislak.1993_218_00_0001_bak,MODIFY,https://hdl.loc.gov/loc.gmd/eadgmd.gm020010.3
https://hdl.loc.gov/loc.gmd/gm020010.gmdkislak.1993_218_00_0002_bak,MODIFY,https://hdl.loc.gov/loc.gmd/eadgmd.gm020010.3
https://hdl.loc.gov/loc.gmd/gm020010.gmdkislak.1994_017_00_0002_bak,MODIFY,https://hdl.loc.gov/loc.gmd/eadgmd.gm020010.3
https://hdl.loc.gov/loc.gmd/gm020010.gmdkislak.1995_015_00_0004_bak,MODIFY,https://hdl.loc.gov/loc.gmd/eadgmd.gm020010.3
https://hdl.loc.gov/loc.gmd/gm020010.gmdkislak.1996_023_00_0001_bak,MODIFY,https://hdl.loc.gov/loc.gmd/eadgmd.gm020010.3
https://hdl.loc.gov/loc.gmd/gm020010.gmdkislak.1996_026_00_0001_bak,MODIFY,https://hdl.loc.gov/loc.gmd/eadgmd.gm020010.3
https://hdl.loc.gov/loc.gmd/gm020010.gmdkislak.1996_064_00_0001_bak,MODIFY,https://hdl.loc.gov/loc.gmd/eadgmd.gm020010.3
https://hdl.loc.gov/loc.gmd/gm020010.gmdkislak.1996_070_00_0001_bak,MODIFY,https://hdl.loc.gov/loc.gmd/eadgmd.gm020010.3
https://hdl.loc.gov/loc.gmd/gm020010.gmdkislak.1996_070_00_0003_bak,MODIFY,https://hdl.loc.gov/loc.gmd/eadgmd.gm020010.3
https://hdl.loc.gov/loc.gmd/gm020010.gmdkislak.1996_070_00_0004_bak,MODIFY,https://hdl.loc.gov/loc.gmd/eadgmd.gm020010.3
https://hdl.loc.gov/loc.gmd/gm020010.gmdkislak.1997_002_00_0001_bak,MODIFY,https://hdl.loc.gov/loc.gmd/eadgmd.gm020010.3
https://hdl.loc.gov/loc.gmd/gm020010.gmdkislak.1997_002_00_0002_bak,MODIFY,https://hdl.loc.gov/loc.gmd/eadgmd.gm020010.3
https://hdl.loc.gov/loc.gmd/gm020010.gmdkislak.1997_002_00_0003_bak,MODIFY,https://hdl.loc.gov/loc.gmd/eadgmd.gm020010.3
https://hdl.loc.gov/loc.gmd/gm020010.gmdkislak.1997_002_00_0004_bak,MODIFY,https://hdl.loc.gov/loc.gmd/eadgmd.gm020010.3
https://hdl.loc.gov/loc.gmd/gm020010.gmdkislak.1997_002_00_0005_bak,MODIFY,https://hdl.loc.gov/loc.gmd/eadgmd.gm020010.3
https://hdl.loc.gov/loc.gmd/gm020010.gmdkislak.1997_002_00_0006_bak,MODIFY,https://hdl.loc.gov/loc.gmd/eadgmd.gm020010.3
https://hdl.loc.gov/loc.gmd/gm020010.gmdkislak.1997_002_00_0007_bak,MODIFY,https://hdl.loc.gov/loc.gmd/eadgmd.gm020010.3
https://hdl.loc.gov/loc.gmd/gm020010.gmdkislak.1997_002_00_0008_bak,MODIFY,https://hdl.loc.gov/loc.gmd/eadgmd.gm020010.3
https://hdl.loc.gov/loc.gmd/gm020010.gmdkislak.1997_002_00_0009_bak,MODIFY,https://hdl.loc.gov/loc.gmd/eadgmd.gm020010.3
https://hdl.loc.gov/loc.gmd/gm020010.gmdkislak.1997_002_00_0010_bak,MODIFY,https://hdl.loc.gov/loc.gmd/eadgmd.gm020010.3
https://hdl.loc.gov/loc.gmd/gm020010.gmdkislak.1984_003_00_0001_bak,MODIFY,https://hdl.loc.gov/loc.gmd/eadgmd.gm020010.3
https://hdl.loc.gov/loc.gmd/gm020010.gmdkislak.1984_006_00_0001_bak,MODIFY,https://hdl.loc.gov/loc.gmd/eadgmd.gm020010.3
https://hdl.loc.gov/loc.gmd/gm020010.gmdkislak.1986_001_00_0001_bak,MODIFY,https://hdl.loc.gov/loc.gmd/eadgmd.gm020010.3
https://hdl.loc.gov/loc.gmd/gm020010.gmdkislak.1986_002_00_0002_bak,MODIFY,https://hdl.loc.gov/loc.gmd/eadgmd.gm020010.3
https://hdl.loc.gov/loc.gmd/gm020010.gmdkislak.1986_002_00_0003_bak,MODIFY,https://hdl.loc.gov/loc.gmd/eadgmd.gm020010.3
https://hdl.loc.gov/loc.gmd/gm020010.gmdkislak.1997_002_00_0011_bak,MODIFY,https://hdl.loc.gov/loc.gmd/eadgmd.gm020010.3
https://hdl.loc.gov/loc.gmd/gm020010.gmdkislak.1997_002_00_0012_bak,MODIFY,https://hdl.loc.gov/loc.gmd/eadgmd.gm020010.3
https://hdl.loc.gov/loc.gmd/gm020010.gmdkislak.1997_002_00_0013_bak,MODIFY,https://hdl.loc.gov/loc.gmd/eadgmd.gm020010.3
https://hdl.loc.gov/loc.gmd/gm020010.gmdkislak.1997_002_00_0014_bak,MODIFY,https://hdl.loc.gov/loc.gmd/eadgmd.gm020010.3
https://hdl.loc.gov/loc.gmd/gm020010.gmdkislak.1997_002_00_0015_bak,MODIFY,https://hdl.loc.gov/loc.gmd/eadgmd.gm020010.3
https://hdl.loc.gov/loc.gmd/gm020010.gmdkislak.1997_002_00_0016_bak,MODIFY,https://hdl.loc.gov/loc.gmd/eadgmd.gm020010.3
https://hdl.loc.gov/loc.gmd/gm020010.gmdkislak.1997_002_00_0017_bak,MODIFY,https://hdl.loc.gov/loc.gmd/eadgmd.gm020010.3
https://hdl.loc.gov/loc.gmd/gm020010.gmdkislak.1997_002_00_0018_bak,MODIFY,https://hdl.loc.gov/loc.gmd/eadgmd.gm020010.3
https://hdl.loc.gov/loc.gmd/gm020010.gmdkislak.1997_002_00_0019_bak,MODIFY,https://hdl.loc.gov/loc.gmd/eadgmd.gm020010.3
https://hdl.loc.gov/loc.gmd/gm020010.gmdkislak.1997_002_00_0020_bak,MODIFY,https://hdl.loc.gov/loc.gmd/eadgmd.gm020010.3
https://hdl.loc.gov/loc.gmd/gm020010.gmdkislak.1997_002_00_0021_bak,MODIFY,https://hdl.loc.gov/loc.gmd/eadgmd.gm020010.3
https://hdl.loc.gov/loc.gmd/gm020010.gmdkislak.1997_002_00_0022_bak,MODIFY,https://hdl.loc.gov/loc.gmd/eadgmd.gm020010.3
https://hdl.loc.gov/loc.gmd/gm020010.gmdkislak.1987_011_00_0001_bak,MODIFY,https://hdl.loc.gov/loc.gmd/eadgmd.gm020010.3
https://hdl.loc.gov/loc.gmd/gm020010.gmdkislak.1987_014_00_0004_bak,MODIFY,https://hdl.loc.gov/loc.gmd/eadgmd.gm020010.3
https://hdl.loc.gov/loc.gmd/gm020010.gmdkislak.1987_015_00_0001_bak,MODIFY,https://hdl.loc.gov/loc.gmd/eadgmd.gm020010.3
https://hdl.loc.gov/loc.gmd/gm020010.gmdkislak.1987_022_00_0002_bak,MODIFY,https://hdl.loc.gov/loc.gmd/eadgmd.gm020010.3
https://hdl.loc.gov/loc.gmd/gm020010.gmdkislak.1987_022_01_0003_bak,MODIFY,https://hdl.loc.gov/loc.gmd/eadgmd.gm020010.3
https://hdl.loc.gov/loc.gmd/gm020010.gmdkislak.1987_022_02_0003_bak,MODIFY,https://hdl.loc.gov/loc.gmd/eadgmd.gm020010.3
https://hdl.loc.gov/loc.gmd/gm020010.gmdkislak.1987_022_03_0003_bak,MODIFY,https://hdl.loc.gov/loc.gmd/eadgmd.gm020010.3
https://hdl.loc.gov/loc.gmd/gm020010.gmdkislak.1987_022_04_0003_bak,MODIFY,https://hdl.loc.gov/loc.gmd/eadgmd.gm020010.3
https://hdl.loc.gov/loc.gmd/gm020010.gmdkislak.1987_022_05_0003_bak,MODIFY,https://hdl.loc.gov/loc.gmd/eadgmd.gm020010.3
https://hdl.loc.gov/loc.gmd/gm020010.gmdkislak.1987_022_06_0003_bak,MODIFY,https://hdl.loc.gov/loc.gmd/eadgmd.gm020010.3
https://hdl.loc.gov/loc.gmd/gm020010.gmdkislak.1987_022_07_0003_bak,MODIFY,https://hdl.loc.gov/loc.gmd/eadgmd.gm020010.3
https://hdl.loc.gov/loc.gmd/gm020010.gmdkislak.1987_022_08_0003_bak,MODIFY,https://hdl.loc.gov/loc.gmd/eadgmd.gm020010.3
https://hdl.loc.gov/loc.gmd/gm020010.gmdkislak.1987_034_00_0003_bak,MODIFY,https://hdl.loc.gov/loc.gmd/eadgmd.gm020010.3
https://hdl.loc.gov/loc.gmd/gm020010.gmdkislak.1997_002_00_0023_bak,MODIFY,https://hdl.loc.gov/loc.gmd/eadgmd.gm020010.3
https://hdl.loc.gov/loc.gmd/gm020010.gmdkislak.1997_007_00_0001_bak,MODIFY,https://hdl.loc.gov/loc.gmd/eadgmd.gm020010.3
https://hdl.loc.gov/loc.gmd/gm020010.gmdkislak.1997_007_00_0002_bak,MODIFY,https://hdl.loc.gov/loc.gmd/eadgmd.gm020010.3
https://hdl.loc.gov/loc.gmd/gm020010.gmdkislak.1997_031_00_0001_bak,MODIFY,https://hdl.loc.gov/loc.gmd/eadgmd.gm020010.3
https://hdl.loc.gov/loc.gmd/gm020010.gmdkislak.1997_039_00_0003_bak,MODIFY,https://hdl.loc.gov/loc.gmd/eadgmd.gm020010.3
https://hdl.loc.gov/loc.gmd/gm020010.gmdkislak.1997_047_00_0001_bak,MODIFY,https://hdl.loc.gov/loc.gmd/eadgmd.gm020010.3
https://hdl.loc.gov/loc.gmd/gm020010.gmdkislak.1997_054_00_0001_bak,MODIFY,https://hdl.loc.gov/loc.gmd/eadgmd.gm020010.3
https://hdl.loc.gov/loc.gmd/gm020010.gmdkislak.1997_054_00_0002_bak,MODIFY,https://hdl.loc.gov/loc.gmd/eadgmd.gm020010.3
https://hdl.loc.gov/loc.gmd/gm020010.gmdkislak.1998_012_00_0001_bak,MODIFY,https://hdl.loc.gov/loc.gmd/eadgmd.gm020010.3
https://hdl.loc.gov/loc.gmd/gm020010.gmdkislak.1998_033_00_0001_bak,MODIFY,https://hdl.loc.gov/loc.gmd/eadgmd.gm020010.3
https://hdl.loc.gov/loc.gmd/gm020010.gmdkislak.1998_033_00_0002_bak,MODIFY,https://hdl.loc.gov/loc.gmd/eadgmd.gm020010.3
https://hdl.loc.gov/loc.gmd/gm020010.gmdkislak.1998_033_00_0003_bak,MODIFY,https://hdl.loc.gov/loc.gmd/eadgmd.gm020010.3
https://hdl.loc.gov/loc.gmd/gm020010.gmdkislak.1998_041_00_0001_bak,MODIFY,https://hdl.loc.gov/loc.gmd/eadgmd.gm020010.3
https://hdl.loc.gov/loc.gmd/gm020010.gmdkislak.1987_034_00_0004_bak,MODIFY,https://hdl.loc.gov/loc.gmd/eadgmd.gm020010.3
https://hdl.loc.gov/loc.gmd/gm020010.gmdkislak.1988_004_00_0002_bak,MODIFY,https://hdl.loc.gov/loc.gmd/eadgmd.gm020010.3
https://hdl.loc.gov/loc.gmd/gm020010.gmdkislak.1988_004_00_0003_bak,MODIFY,https://hdl.loc.gov/loc.gmd/eadgmd.gm020010.3
https://hdl.loc.gov/loc.gmd/gm020010.gmdkislak.1988_009_00_0001_bak,MODIFY,https://hdl.loc.gov/loc.gmd/eadgmd.gm020010.3
https://hdl.loc.gov/loc.gmd/gm020010.gmdkislak.1988_010_00_0001_bak,MODIFY,https://hdl.loc.gov/loc.gmd/eadgmd.gm020010.3
https://hdl.loc.gov/loc.gmd/gm020010.gmdkislak.1988_010_00_0002_bak,MODIFY,https://hdl.loc.gov/loc.gmd/eadgmd.gm020010.3
https://hdl.loc.gov/loc.gmd/gm020010.gmdkislak.1988_010_00_0003_bak,MODIFY,https://hdl.loc.gov/loc.gmd/eadgmd.gm020010.3
https://hdl.loc.gov/loc.gmd/gm020010.gmdkislak.1988_016_00_0005_bak,MODIFY,https://hdl.loc.gov/loc.gmd/eadgmd.gm020010.3
https://hdl.loc.gov/loc.gmd/gm020010.gmdkislak.1988_016_00_0006_bak,MODIFY,https://hdl.loc.gov/loc.gmd/eadgmd.gm020010.3
https://hdl.loc.gov/loc.gmd/gm020010.gmdkislak.1988_016_00_0007_bak,MODIFY,https://hdl.loc.gov/loc.gmd/eadgmd.gm020010.3
https://hdl.loc.gov/loc.gmd/gm020010.gmdkislak.1988_016_00_0008_bak,MODIFY,https://hdl.loc.gov/loc.gmd/eadgmd.gm020010.3
https://hdl.loc.gov/loc.gmd/gm020010.gmdkislak.1988_016_00_0009_bak,MODIFY,https://hdl.loc.gov/loc.gmd/eadgmd.gm020010.3
https://hdl.loc.gov/loc.gmd/gm020010.gmdkislak.1998_045_00_0001_bak,MODIFY,https://hdl.loc.gov/loc.gmd/eadgmd.gm020010.3
https://hdl.loc.gov/loc.gmd/gm020010.gmdkislak.1998_051_00_0001_bak,MODIFY,https://hdl.loc.gov/loc.gmd/eadgmd.gm020010.3
https://hdl.loc.gov/loc.gmd/gm020010.gmdkislak.1998_070_00_0001_bak,MODIFY,https://hdl.loc.gov/loc.gmd/eadgmd.gm020010.3
https://hdl.loc.gov/loc.gmd/gm020010.gmdkislak.1998_070_00_0002_bak,MODIFY,https://hdl.loc.gov/loc.gmd/eadgmd.gm020010.3
https://hdl.loc.gov/loc.gmd/gm020010.gmdkislak.1999_007_00_0001_bak,MODIFY,https://hdl.loc.gov/loc.gmd/eadgmd.gm020010.3
https://hdl.loc.gov/loc.gmd/gm020010.gmdkislak.1999_007_00_0002_bak,MODIFY,https://hdl.loc.gov/loc.gmd/eadgmd.gm020010.3
https://hdl.loc.gov/loc.gmd/gm020010.gmdkislak.1999_007_00_0003_bak,MODIFY,https://hdl.loc.gov/loc.gmd/eadgmd.gm020010.3
https://hdl.loc.gov/loc.gmd/gm020010.gmdkislak.1999_009_00_0001_bak,MODIFY,https://hdl.loc.gov/loc.gmd/eadgmd.gm020010.3
https://hdl.loc.gov/loc.gmd/gm020010.gmdkislak.1999_009_00_0002_bak,MODIFY,https://hdl.loc.gov/loc.gmd/eadgmd.gm020010.3
https://hdl.loc.gov/loc.gmd/gm020010.gmdkislak.1999_009_00_0004_bak,MODIFY,https://hdl.loc.gov/loc.gmd/eadgmd.gm020010.3
https://hdl.loc.gov/loc.gmd/gm020010.gmdkislak.1999_009_00_0005_bak,MODIFY,https://hdl.loc.gov/loc.gmd/eadgmd.gm020010.3
https://hdl.loc.gov/loc.gmd/gm020010.gmdkislak.1999_009_00_0006_bak,MODIFY,https://hdl.loc.gov/loc.gmd/eadgmd.gm020010.3
https://hdl.loc.gov/loc.gmd/gm020010.gmdkislak.1988_016_00_0010_bak,MODIFY,https://hdl.loc.gov/loc.gmd/eadgmd.gm020010.3
https://hdl.loc.gov/loc.gmd/gm020010.gmdkislak.1988_016_00_0013_bak,MODIFY,https://hdl.loc.gov/loc.gmd/eadgmd.gm020010.3
https://hdl.loc.gov/loc.gmd/gm020010.gmdkislak.1988_031_00_0001_bak,MODIFY,https://hdl.loc.gov/loc.gmd/eadgmd.gm020010.3
https://hdl.loc.gov/loc.gmd/gm020010.gmdkislak.1988_031_00_0003_bak,MODIFY,https://hdl.loc.gov/loc.gmd/eadgmd.gm020010.3
https://hdl.loc.gov/loc.gmd/gm020010.gmdkislak.1988_039_00_0001_bak,MODIFY,https://hdl.loc.gov/loc.gmd/eadgmd.gm020010.3
https://hdl.loc.gov/loc.gmd/gm020010.gmdkislak.1988_042_00_0001_bak,MODIFY,https://hdl.loc.gov/loc.gmd/eadgmd.gm020010.3
https://hdl.loc.gov/loc.gmd/gm020010.gmdkislak.1988_042_00_0002_bak,MODIFY,https://hdl.loc.gov/loc.gmd/eadgmd.gm020010.3
https://hdl.loc.gov/loc.gmd/gm020010.gmdkislak.1988_042_00_0003_bak,MODIFY,https://hdl.loc.gov/loc.gmd/eadgmd.gm020010.3
https://hdl.loc.gov/loc.gmd/gm020010.gmdkislak.1988_042_00_0004_bak,MODIFY,https://hdl.loc.gov/loc.gmd/eadgmd.gm020010.3
https://hdl.loc.gov/loc.gmd/gm020010.gmdkislak.1988_042_00_0006_bak,MODIFY,https://hdl.loc.gov/loc.gmd/eadgmd.gm020010.3
https://hdl.loc.gov/loc.gmd/gm020010.gmdkislak.1988_042_00_0008_bak,MODIFY,https://hdl.loc.gov/loc.gmd/eadgmd.gm020010.3
https://hdl.loc.gov/loc.gmd/gm020010.gmdkislak.1988_042_00_0010_bak,MODIFY,https://hdl.loc.gov/loc.gmd/eadgmd.gm020010.3
https://hdl.loc.gov/loc.gmd/gm020010.gmdkislak.1988_042_00_0011_bak,MODIFY,https://hdl.loc.gov/loc.gmd/eadgmd.gm020010.3
https://hdl.loc.gov/loc.gmd/gm020010.gmdkislak.1999_009_00_0007_bak,MODIFY,https://hdl.loc.gov/loc.gmd/eadgmd.gm020010.3
https://hdl.loc.gov/loc.gmd/gm020010.gmdkislak.1999_009_00_0008_bak,MODIFY,https://hdl.loc.gov/loc.gmd/eadgmd.gm020010.3
https://hdl.loc.gov/loc.gmd/gm020010.gmdkislak.1999_032_00_0001_bak,MODIFY,https://hdl.loc.gov/loc.gmd/eadgmd.gm020010.3
https://hdl.loc.gov/loc.gmd/gm020010.gmdkislak.1999_034_00_0001_bak,MODIFY,https://hdl.loc.gov/loc.gmd/eadgmd.gm020010.3
https://hdl.loc.gov/loc.gmd/gm020010.gmdkislak.1999_034_00_0002_bak,MODIFY,https://hdl.loc.gov/loc.gmd/eadgmd.gm020010.3
https://hdl.loc.gov/loc.gmd/gm020010.gmdkislak.1999_034_00_0003_bak,MODIFY,https://hdl.loc.gov/loc.gmd/eadgmd.gm020010.3
https://hdl.loc.gov/loc.gmd/gm020010.gmdkislak.1999_046_00_0001_bak,MODIFY,https://hdl.loc.gov/loc.gmd/eadgmd.gm020010.3
https://hdl.loc.gov/loc.gmd/gm020010.gmdkislak.1999_046_00_0002_bak,MODIFY,https://hdl.loc.gov/loc.gmd/eadgmd.gm020010.3
https://hdl.loc.gov/loc.gmd/gm020010.gmdkislak.1999_046_00_0003_bak,MODIFY,https://hdl.loc.gov/loc.gmd/eadgmd.gm020010.3
https://hdl.loc.gov/loc.gmd/gm020010.gmdkislak.1999_046_00_0004_bak,MODIFY,https://hdl.loc.gov/loc.gmd/eadgmd.gm020010.3
https://hdl.loc.gov/loc.gmd/gm020010.gmdkislak.1999_046_00_0005_bak,MODIFY,https://hdl.loc.gov/loc.gmd/eadgmd.gm020010.3
https://hdl.loc.gov/loc.gmd/gm020010.gmdkislak.1999_046_00_0006_bak,MODIFY,https://hdl.loc.gov/loc.gmd/eadgmd.gm020010.3
https://hdl.loc.gov/loc.gmd/gm020010.gmdkislak.1999_046_00_0007_bak,MODIFY,https://hdl.loc.gov/loc.gmd/eadgmd.gm020010.3
https://hdl.loc.gov/loc.gmd/gm020010.gmdkislak.1988_042_00_0013_bak,MODIFY,https://hdl.loc.gov/loc.gmd/eadgmd.gm020010.3
https://hdl.loc.gov/loc.gmd/gm020010.gmdkislak.1988_042_00_0014_bak,MODIFY,https://hdl.loc.gov/loc.gmd/eadgmd.gm020010.3
https://hdl.loc.gov/loc.gmd/gm020010.gmdkislak.1988_042_00_0015_bak,MODIFY,https://hdl.loc.gov/loc.gmd/eadgmd.gm020010.3
https://hdl.loc.gov/loc.gmd/gm020010.gmdkislak.1988_042_00_0016_bak,MODIFY,https://hdl.loc.gov/loc.gmd/eadgmd.gm020010.3
https://hdl.loc.gov/loc.gmd/gm020010.gmdkislak.1988_042_00_0017_bak,MODIFY,https://hdl.loc.gov/loc.gmd/eadgmd.gm020010.3
https://hdl.loc.gov/loc.gmd/gm020010.gmdkislak.1988_042_00_0018_bak,MODIFY,https://hdl.loc.gov/loc.gmd/eadgmd.gm020010.3
https://hdl.loc.gov/loc.gmd/gm020010.gmdkislak.1988_042_00_0019_bak,MODIFY,https://hdl.loc.gov/loc.gmd/eadgmd.gm020010.3
https://hdl.loc.gov/loc.gmd/gm020010.gmdkislak.1988_042_00_0020_bak,MODIFY,https://hdl.loc.gov/loc.gmd/eadgmd.gm020010.3
https://hdl.loc.gov/loc.gmd/gm020010.gmdkislak.1988_042_00_0021_bak,MODIFY,https://hdl.loc.gov/loc.gmd/eadgmd.gm020010.3
https://hdl.loc.gov/loc.gmd/gm020010.gmdkislak.1988_042_00_0022_bak,MODIFY,https://hdl.loc.gov/loc.gmd/eadgmd.gm020010.3
https://hdl.loc.gov/loc.gmd/gm020010.gmdkislak.1988_042_00_0023_bak,MODIFY,https://hdl.loc.gov/loc.gmd/eadgmd.gm020010.3
https://hdl.loc.gov/loc.gmd/gm020010.gmdkislak.1988_042_00_0024_bak,MODIFY,https://hdl.loc.gov/loc.gmd/eadgmd.gm020010.3
https://hdl.loc.gov/loc.gmd/gm020010.gmdkislak.1999_046_00_0008_bak,MODIFY,https://hdl.loc.gov/loc.gmd/eadgmd.gm020010.3
https://hdl.loc.gov/loc.gmd/gm020010.gmdkislak.1999_046_00_0009_bak,MODIFY,https://hdl.loc.gov/loc.gmd/eadgmd.gm020010.3
https://hdl.loc.gov/loc.gmd/gm020010.gmdkislak.1999_046_00_0010_bak,MODIFY,https://hdl.loc.gov/loc.gmd/eadgmd.gm020010.3
https://hdl.loc.gov/loc.gmd/gm020010.gmdkislak.1999_046_00_0011_bak,MODIFY,https://hdl.loc.gov/loc.gmd/eadgmd.gm020010.3
https://hdl.loc.gov/loc.gmd/gm020010.gmdkislak.1999_046_00_0012_bak,MODIFY,https://hdl.loc.gov/loc.gmd/eadgmd.gm020010.3
https://hdl.loc.gov/loc.gmd/gm020010.gmdkislak.1999_046_00_0013_bak,MODIFY,https://hdl.loc.gov/loc.gmd/eadgmd.gm020010.3
https://hdl.loc.gov/loc.gmd/gm020010.gmdkislak.1999_046_00_0014_bak,MODIFY,https://hdl.loc.gov/loc.gmd/eadgmd.gm020010.3
https://hdl.loc.gov/loc.gmd/gm020010.gmdkislak.1999_046_00_0015_bak,MODIFY,https://hdl.loc.gov/loc.gmd/eadgmd.gm020010.3
https://hdl.loc.gov/loc.gmd/gm020010.gmdkislak.1999_046_00_0016_bak,MODIFY,https://hdl.loc.gov/loc.gmd/eadgmd.gm020010.3
https://hdl.loc.gov/loc.gmd/gm020010.gmdkislak.1999_046_00_0017_bak,MODIFY,https://hdl.loc.gov/loc.gmd/eadgmd.gm020010.3
https://hdl.loc.gov/loc.gmd/gm020010.gmdkislak.1999_046_00_0018_bak,MODIFY,https://hdl.loc.gov/loc.gmd/eadgmd.gm020010.3
https://hdl.loc.gov/loc.gmd/gm020010.gmdkislak.1999_046_00_0019_bak,MODIFY,https://hdl.loc.gov/loc.gmd/eadgmd.gm020010.3
https://hdl.loc.gov/loc.gmd/gm020010.gmdkislak.1988_042_00_0025_bak,MODIFY,https://hdl.loc.gov/loc.gmd/eadgmd.gm020010.3
https://hdl.loc.gov/loc.gmd/gm020010.gmdkislak.1988_042_00_0026_bak,MODIFY,https://hdl.loc.gov/loc.gmd/eadgmd.gm020010.3
https://hdl.loc.gov/loc.gmd/gm020010.gmdkislak.1988_042_00_0027_bak,MODIFY,https://hdl.loc.gov/loc.gmd/eadgmd.gm020010.3
https://hdl.loc.gov/loc.gmd/gm020010.gmdkislak.1988_042_00_0029_bak,MODIFY,https://hdl.loc.gov/loc.gmd/eadgmd.gm020010.3
https://hdl.loc.gov/loc.gmd/gm020010.gmdkislak.1988_042_00_0030_bak,MODIFY,https://hdl.loc.gov/loc.gmd/eadgmd.gm020010.3
https://hdl.loc.gov/loc.gmd/gm020010.gmdkislak.1988_042_00_0031_bak,MODIFY,https://hdl.loc.gov/loc.gmd/eadgmd.gm020010.3
https://hdl.loc.gov/loc.gmd/gm020010.gmdkislak.1988_042_00_0032_bak,MODIFY,https://hdl.loc.gov/loc.gmd/eadgmd.gm020010.3
https://hdl.loc.gov/loc.gmd/gm020010.gmdkislak.1988_042_00_0033_bak,MODIFY,https://hdl.loc.gov/loc.gmd/eadgmd.gm020010.3
https://hdl.loc.gov/loc.gmd/gm020010.gmdkislak.1988_042_00_0034_bak,MODIFY,https://hdl.loc.gov/loc.gmd/eadgmd.gm020010.3
https://hdl.loc.gov/loc.gmd/gm020010.gmdkislak.1988_042_00_0035_bak,MODIFY,https://hdl.loc.gov/loc.gmd/eadgmd.gm020010.3
https://hdl.loc.gov/loc.gmd/gm020010.gmdkislak.1988_042_00_0039_bak,MODIFY,https://hdl.loc.gov/loc.gmd/eadgmd.gm020010.3
https://hdl.loc.gov/loc.gmd/gm020010.gmdkislak.1988_042_00_0040_bak,MODIFY,https://hdl.loc.gov/loc.gmd/eadgmd.gm020010.3
https://hdl.loc.gov/loc.gmd/gm020010.gmdkislak.1988_042_00_0041_bak,MODIFY,https://hdl.loc.gov/loc.gmd/eadgmd.gm020010.3
https://hdl.loc.gov/loc.gmd/gm020010.gmdkislak.1999_046_00_0020_bak,MODIFY,https://hdl.loc.gov/loc.gmd/eadgmd.gm020010.3
https://hdl.loc.gov/loc.gmd/gm020010.gmdkislak.1999_046_00_0021_bak,MODIFY,https://hdl.loc.gov/loc.gmd/eadgmd.gm020010.3
https://hdl.loc.gov/loc.gmd/gm020010.gmdkislak.1999_046_00_0022_bak,MODIFY,https://hdl.loc.gov/loc.gmd/eadgmd.gm020010.3
https://hdl.loc.gov/loc.gmd/gm020010.gmdkislak.1999_046_00_0023_bak,MODIFY,https://hdl.loc.gov/loc.gmd/eadgmd.gm020010.3
https://hdl.loc.gov/loc.gmd/gm020010.gmdkislak.1999_046_00_0024_bak,MODIFY,https://hdl.loc.gov/loc.gmd/eadgmd.gm020010.3
https://hdl.loc.gov/loc.gmd/gm020010.gmdkislak.1999_046_00_0025_bak,MODIFY,https://hdl.loc.gov/loc.gmd/eadgmd.gm020010.3
https://hdl.loc.gov/loc.gmd/gm020010.gmdkislak.1999_046_00_0027_bak,MODIFY,https://hdl.loc.gov/loc.gmd/eadgmd.gm020010.3
https://hdl.loc.gov/loc.gmd/gm020010.gmdkislak.1999_046_00_0028_bak,MODIFY,https://hdl.loc.gov/loc.gmd/eadgmd.gm020010.3
https://hdl.loc.gov/loc.gmd/gm020010.gmdkislak.1999_046_00_0029_bak,MODIFY,https://hdl.loc.gov/loc.gmd/eadgmd.gm020010.3
https://hdl.loc.gov/loc.gmd/gm020010.gmdkislak.1999_066_00_0001_bak,MODIFY,https://hdl.loc.gov/loc.gmd/eadgmd.gm020010.3
https://hdl.loc.gov/loc.gmd/gm020010.gmdkislak.1999_080_00_0002_bak,MODIFY,https://hdl.loc.gov/loc.gmd/eadgmd.gm020010.3
https://hdl.loc.gov/loc.gmd/gm020010.gmdkislak.1999_081_00_0001_bak,MODIFY,https://hdl.loc.gov/loc.gmd/eadgmd.gm020010.3
https://hdl.loc.gov/loc.gmd/gm020010.gmdkislak.1999_087_00_0001_bak,MODIFY,https://hdl.loc.gov/loc.gmd/eadgmd.gm020010.3
https://hdl.loc.gov/loc.gmd/gm020010.gmdkislak.1988_042_00_0042_bak,MODIFY,https://hdl.loc.gov/loc.gmd/eadgmd.gm020010.3
https://hdl.loc.gov/loc.gmd/gm020010.gmdkislak.1988_042_00_0043_bak,MODIFY,https://hdl.loc.gov/loc.gmd/eadgmd.gm020010.3
https://hdl.loc.gov/loc.gmd/gm020010.gmdkislak.1988_042_00_0047_bak,MODIFY,https://hdl.loc.gov/loc.gmd/eadgmd.gm020010.3
https://hdl.loc.gov/loc.gmd/gm020010.gmdkislak.1988_042_00_0048_bak,MODIFY,https://hdl.loc.gov/loc.gmd/eadgmd.gm020010.3
https://hdl.loc.gov/loc.gmd/gm020010.gmdkislak.1988_042_00_0049_bak,MODIFY,https://hdl.loc.gov/loc.gmd/eadgmd.gm020010.3
https://hdl.loc.gov/loc.gmd/gm020010.gmdkislak.1988_042_00_0050_bak,MODIFY,https://hdl.loc.gov/loc.gmd/eadgmd.gm020010.3
https://hdl.loc.gov/loc.gmd/gm020010.gmdkislak.1988_042_00_0051_bak,MODIFY,https://hdl.loc.gov/loc.gmd/eadgmd.gm020010.3
https://hdl.loc.gov/loc.gmd/gm020010.gmdkislak.1988_042_00_0052_bak,MODIFY,https://hdl.loc.gov/loc.gmd/eadgmd.gm020010.3
https://hdl.loc.gov/loc.gmd/gm020010.gmdkislak.1988_042_00_0054_bak,MODIFY,https://hdl.loc.gov/loc.gmd/eadgmd.gm020010.3
https://hdl.loc.gov/loc.gmd/gm020010.gmdkislak.1988_042_00_0055_bak,MODIFY,https://hdl.loc.gov/loc.gmd/eadgmd.gm020010.3
https://hdl.loc.gov/loc.gmd/gm020010.gmdkislak.1988_043_00_0001_bak,MODIFY,https://hdl.loc.gov/loc.gmd/eadgmd.gm020010.3
https://hdl.loc.gov/loc.gmd/gm020010.gmdkislak.1988_043_00_0003_bak,MODIFY,https://hdl.loc.gov/loc.gmd/eadgmd.gm020010.3
https://hdl.loc.gov/loc.gmd/gm020010.gmdkislak.1999_087_00_0002_bak,MODIFY,https://hdl.loc.gov/loc.gmd/eadgmd.gm020010.3
https://hdl.loc.gov/loc.gmd/gm020010.gmdkislak.1999_087_00_0003_bak,MODIFY,https://hdl.loc.gov/loc.gmd/eadgmd.gm020010.3
https://hdl.loc.gov/loc.gmd/gm020010.gmdkislak.1999_087_00_0004_bak,MODIFY,https://hdl.loc.gov/loc.gmd/eadgmd.gm020010.3
https://hdl.loc.gov/loc.gmd/gm020010.gmdkislak.1999_087_00_0005_bak,MODIFY,https://hdl.loc.gov/loc.gmd/eadgmd.gm020010.3
https://hdl.loc.gov/loc.gmd/gm020010.gmdkislak.1999_087_00_0006_bak,MODIFY,https://hdl.loc.gov/loc.gmd/eadgmd.gm020010.3
https://hdl.loc.gov/loc.gmd/gm020010.gmdkislak.1999_087_00_0007_bak,MODIFY,https://hdl.loc.gov/loc.gmd/eadgmd.gm020010.3
https://hdl.loc.gov/loc.gmd/gm020010.gmdkislak.1999_087_00_0008_bak,MODIFY,https://hdl.loc.gov/loc.gmd/eadgmd.gm020010.3
https://hdl.loc.gov/loc.gmd/gm020010.gmdkislak.1999_087_00_0009_bak,MODIFY,https://hdl.loc.gov/loc.gmd/eadgmd.gm020010.3
https://hdl.loc.gov/loc.gmd/gm020010.gmdkislak.1999_087_00_0010_bak,MODIFY,https://hdl.loc.gov/loc.gmd/eadgmd.gm020010.3
https://hdl.loc.gov/loc.gmd/gm020010.gmdkislak.1999_087_00_0011_bak,MODIFY,https://hdl.loc.gov/loc.gmd/eadgmd.gm020010.3
https://hdl.loc.gov/loc.gmd/gm020010.gmdkislak.1999_087_00_0012_bak,MODIFY,https://hdl.loc.gov/loc.gmd/eadgmd.gm020010.3
https://hdl.loc.gov/loc.gmd/gm020010.gmdkislak.1999_087_00_0013_bak,MODIFY,https://hdl.loc.gov/loc.gmd/eadgmd.gm020010.3
https://hdl.loc.gov/loc.gmd/gm020010.gmdkislak.1988_043_00_0004_bak,MODIFY,https://hdl.loc.gov/loc.gmd/eadgmd.gm020010.3
https://hdl.loc.gov/loc.gmd/gm020010.gmdkislak.1988_043_00_0005_bak,MODIFY,https://hdl.loc.gov/loc.gmd/eadgmd.gm020010.3
https://hdl.loc.gov/loc.gmd/gm020010.gmdkislak.1988_043_00_0006_bak,MODIFY,https://hdl.loc.gov/loc.gmd/eadgmd.gm020010.3
https://hdl.loc.gov/loc.gmd/gm020010.gmdkislak.1988_045_00_0001_bak,MODIFY,https://hdl.loc.gov/loc.gmd/eadgmd.gm020010.3
https://hdl.loc.gov/loc.gmd/gm020010.gmdkislak.1989_001_00_0001_bak,MODIFY,https://hdl.loc.gov/loc.gmd/eadgmd.gm020010.3
https://hdl.loc.gov/loc.gmd/gm020010.gmdkislak.1989_001_00_0002_bak,MODIFY,https://hdl.loc.gov/loc.gmd/eadgmd.gm020010.3
https://hdl.loc.gov/loc.gmd/gm020010.gmdkislak.1989_009_00_0001_bak,MODIFY,https://hdl.loc.gov/loc.gmd/eadgmd.gm020010.3
https://hdl.loc.gov/loc.gmd/gm020010.gmdkislak.1989_011_00_0006_bak,MODIFY,https://hdl.loc.gov/loc.gmd/eadgmd.gm020010.3
https://hdl.loc.gov/loc.gmd/gm020010.gmdkislak.1989_016_00_0001_bak,MODIFY,https://hdl.loc.gov/loc.gmd/eadgmd.gm020010.3
https://hdl.loc.gov/loc.gmd/gm020010.gmdkislak.1989_016_00_0002_bak,MODIFY,https://hdl.loc.gov/loc.gmd/eadgmd.gm020010.3
https://hdl.loc.gov/loc.gmd/gm020010.gmdkislak.1989_016_00_0003_bak,MODIFY,https://hdl.loc.gov/loc.gmd/eadgmd.gm020010.3
https://hdl.loc.gov/loc.gmd/gm020010.gmdkislak.1989_016_00_0004_bak,MODIFY,https://hdl.loc.gov/loc.gmd/eadgmd.gm020010.3
https://hdl.loc.gov/loc.gmd/gm020010.gmdkislak.1989_016_00_0005_bak,MODIFY,https://hdl.loc.gov/loc.gmd/eadgmd.gm020010.3
https://hdl.loc.gov/loc.gmd/gm020010.gmdkislak.1999_096_00_0001_bak,MODIFY,https://hdl.loc.gov/loc.gmd/eadgmd.gm020010.3
https://hdl.loc.gov/loc.gmd/gm020010.gmdkislak.2000_047_00_0001_bak,MODIFY,https://hdl.loc.gov/loc.gmd/eadgmd.gm020010.3
https://hdl.loc.gov/loc.gmd/gm020010.gmdkislak.2000_047_00_0002_bak,MODIFY,https://hdl.loc.gov/loc.gmd/eadgmd.gm020010.3
https://hdl.loc.gov/loc.gmd/gm020010.gmdkislak.2000_047_00_0003_bak,MODIFY,https://hdl.loc.gov/loc.gmd/eadgmd.gm020010.3
https://hdl.loc.gov/loc.gmd/gm020010.gmdkislak.2000_047_00_0004_bak,MODIFY,https://hdl.loc.gov/loc.gmd/eadgmd.gm020010.3
https://hdl.loc.gov/loc.gmd/gm020010.gmdkislak.2000_047_00_0005_bak,MODIFY,https://hdl.loc.gov/loc.gmd/eadgmd.gm020010.3
https://hdl.loc.gov/loc.gmd/gm020010.gmdkislak.2000_104_00_0001_bak,MODIFY,https://hdl.loc.gov/loc.gmd/eadgmd.gm020010.3
https://hdl.loc.gov/loc.gmd/gm020010.gmdkislak.2000_110_00_0001_bak,MODIFY,https://hdl.loc.gov/loc.gmd/eadgmd.gm020010.3
https://hdl.loc.gov/loc.gmd/gm020010.gmdkislak.2001_001_00_0001_bak,MODIFY,https://hdl.loc.gov/loc.gmd/eadgmd.gm020010.3
https://hdl.loc.gov/loc.gmd/gm020010.gmdkislak.2001_001_00_0002_bak,MODIFY,https://hdl.loc.gov/loc.gmd/eadgmd.gm020010.3
https://hdl.loc.gov/loc.gmd/gm020010.gmdkislak.2001_038_00_0001_bak,MODIFY,https://hdl.loc.gov/loc.gmd/eadgmd.gm020010.3
https://hdl.loc.gov/loc.gmd/gm020010.gmdkislak.2001_038_00_0002_bak,MODIFY,https://hdl.loc.gov/loc.gmd/eadgmd.gm020010.3
https://hdl.loc.gov/loc.gmd/gm020010.gmdkislak.2002_069_00_0001_bak,MODIFY,https://hdl.loc.gov/loc.gmd/eadgmd.gm020010.3
https://hdl.loc.gov/loc.gmd/gm020010.gmdkislak.1989_016_00_0006_bak,MODIFY,https://hdl.loc.gov/loc.gmd/eadgmd.gm020010.3
https://hdl.loc.gov/loc.gmd/gm020010.gmdkislak.1989_016_00_0007_bak,MODIFY,https://hdl.loc.gov/loc.gmd/eadgmd.gm020010.3
https://hdl.loc.gov/loc.gmd/gm020010.gmdkislak.1989_042_00_0001_bak,MODIFY,https://hdl.loc.gov/loc.gmd/eadgmd.gm020010.3
https://hdl.loc.gov/loc.gmd/gm020010.gmdkislak.1989_042_00_0002_bak,MODIFY,https://hdl.loc.gov/loc.gmd/eadgmd.gm020010.3
https://hdl.loc.gov/loc.gmd/gm020010.gmdkislak.1989_042_00_0003_bak,MODIFY,https://hdl.loc.gov/loc.gmd/eadgmd.gm020010.3
https://hdl.loc.gov/loc.gmd/gm020010.gmdkislak.1989_042_00_0004_bak,MODIFY,https://hdl.loc.gov/loc.gmd/eadgmd.gm020010.3
https://hdl.loc.gov/loc.gmd/gm020010.gmdkislak.1989_044_00_0001_bak,MODIFY,https://hdl.loc.gov/loc.gmd/eadgmd.gm020010.3
https://hdl.loc.gov/loc.gmd/gm020010.gmdkislak.1989_044_00_0002_bak,MODIFY,https://hdl.loc.gov/loc.gmd/eadgmd.gm020010.3
https://hdl.loc.gov/loc.gmd/gm020010.gmdkislak.1990_020_00_0001_bak,MODIFY,https://hdl.loc.gov/loc.gmd/eadgmd.gm020010.3
https://hdl.loc.gov/loc.gmd/gm020010.gmdkislak.1990_022_00_0002_bak,MODIFY,https://hdl.loc.gov/loc.gmd/eadgmd.gm020010.3
https://hdl.loc.gov/loc.gmd/gm020010.gmdkislak.1990_022_00_0003_bak,MODIFY,https://hdl.loc.gov/loc.gmd/eadgmd.gm020010.3
https://hdl.loc.gov/loc.gmd/gm020010.gmdkislak.1990_022_00_0004_bak,MODIFY,https://hdl.loc.gov/loc.gmd/eadgmd.gm020010.3
https://hdl.loc.gov/loc.gmd/gm020010.gmdkislak.2002_073_00_0001_bak,MODIFY,https://hdl.loc.gov/loc.gmd/eadgmd.gm020010.3
https://hdl.loc.gov/loc.gmd/gm020010.gmdkislak.2002_073_00_0002_bak,MODIFY,https://hdl.loc.gov/loc.gmd/eadgmd.gm020010.3
https://hdl.loc.gov/loc.gmd/gm020010.gmdkislak.2002_073_00_0003_bak,MODIFY,https://hdl.loc.gov/loc.gmd/eadgmd.gm020010.3
https://hdl.loc.gov/loc.gmd/gm020010.gmdkislak.2002_073_00_0004_bak,MODIFY,https://hdl.loc.gov/loc.gmd/eadgmd.gm020010.3
https://hdl.loc.gov/loc.gmd/gm020010.gmdkislak.2002_073_00_0005_bak,MODIFY,https://hdl.loc.gov/loc.gmd/eadgmd.gm020010.3
https://hdl.loc.gov/loc.gmd/gm020010.gmdkislak.2002_073_00_0006_bak,MODIFY,https://hdl.loc.gov/loc.gmd/eadgmd.gm020010.3
https://hdl.loc.gov/loc.gmd/gm020010.gmdkislak.2003_086_00_0001_bak,MODIFY,https://hdl.loc.gov/loc.gmd/eadgmd.gm020010.3
